INSERT INTO category
VALUES ('Developer tools'), 
	('Photo & video'),
	('Personalization'),
	('Social'),
	('Entertainment'),
	('Music'),
	('Shopping');

INSERT INTO age_rating 
VALUES ('For ages 3 and up'),
	('For ages 12 and up'),
	('For ages 7 and up'),
	('For ages 16 and up'),
	('For ages 18 and up');

INSERT INTO publisher
VALUES ('WhatsApp Inc.'),
	('Telegram Messenger LLP'),
	('Amazon Development Centre (London) Ltd'),
	('Spotify AB'),
	('Instagram'),
	('Netflix, Inc.'),
	('Microsoft Corporation'),
	('Apple Inc.'),
	('Python Software Foundation'),
	('Adobe Inc.');
	
INSERT INTO app(app_name, publisher, price, description, app_size, category, age_rating)
VALUES ('WhatsApp Desktop', 
		'WhatsApp Inc.', 
		'0', 
		'With WhatsApp on the desktop, you can seamlessly sync all of your chats to your computer so that you...', 
		'379.39',
		'Social',
		'For ages 3 and up'),
		('Telegram Desktop',
		 'Telegram Messenger LLP',
		 '0',
		 'Pure instant messaging — simple, fast, secure, and synced across all your devices. One of the world...',
		 '103',
		 'Social',
		 'For ages 18 and up'),
		 ('Amazon Prime Video for Windows',
		  'Amazon Development Centre (London) Ltd',
		  '0',
		  'Watch movies and TV shows recommended for you, including Amazon Originals like The Boys, Hunters, Th...',
		  '39.86',
		  'Entertainment',
		  'For ages 12 and up'),
		('Instagram',
		 'Instagram',
		 '0',
		 'Bringing you closer to the people and things you love. — Instagram from Facebook Connect with friend...',
		 '4.59',
		 'Social',
		'For ages 12 and up'),
		('Spotify Music',
		 'Spotify AB',
		 '0',
		 'Love music? Play your favorite songs and albums free on Windows 10 with Spotify. Stream the track...',
		 '182.41',
		 'Music',
		 'For ages 12 and up'),
		 ('Netflix',
		  'Netflix, Inc.',
		  '0',
		  'Netflix has something for everyone. Watch TV shows and movies recommended just for you, including aw...',
		  '76.17',
		  'Entertainment',
		  'For ages 12 and up'),
		  ('Python 3.9',
		  'Python Software Foundation',
		   '0',
		   'Python is an easy to learn, powerful programming language. It has efficient high-level data structur...',
		   '103.63',
		   'Developer tools',
		   'For ages 3 and up'),
		  ( 'Adobe Lightroom',
			'Adobe Inc.',
			'0',
			'A qualifying Adobe Photoshop Lightroom subscription is required. Non-subscribers may try the produ...',
			'1370',
			'Photo & video',
		   	'For ages 3 and up');
		  
INSERT INTO app_publisher(app_name, publisher, initial_date_of_release)
VALUES ('WhatsApp Desktop', 
		'WhatsApp Inc.',
		'01-02-2017'),
	('Telegram Desktop',
	 'Telegram Messenger LLP',
	 '03-04-2017'),
	('Amazon Prime Video for Windows',
	 'Amazon Development Centre (London) Ltd',
	 '24-02-2020'),
	('Instagram',
	'Instagram',
	 '26-02-2016'),
	('Spotify Music',
		'Spotify AB',
	 '26-05-2017'),
	('Netflix',
	'Netflix, Inc.',
	 '18-10-2010'),
	('Python 3.9',
	'Python Software Foundation',
	 '19-11-2019'),
	('Adobe Lightroom',
		'Adobe Inc.',
	 '08-08-2019');